File,Original Text,Masked Text,Email Count,Phone Count,IP Count,Total Replacements
wet_records/record50.txt,"Tetra English
Forsíða
112
Vaktstöð siglinga
Tetra
Samstarfsaðilar
Um Neyðarlínuna
Samband
En
Neydarlinan is responsible for the TETRA public safety radio network in Iceland.
The network is used by all respond units around the country including:
police
ambulance
firefighters
search and rescure teams
","Tetra English
Forsíða
112
Vaktstöð siglinga
Tetra
Samstarfsaðilar
Um Neyðarlínuna
Samband
En
Neydarlinan is responsible for the TETRA public safety radio network in Iceland.
The network is used by all respond units around the country including:
police
ambulance
firefighters
search and rescure teams
",0,1,0,1
wet_records/record45.txt,"FAQs
Skip to content
Menu	
Home
What is a 10 Minute Novelist?
The Facebook Group
Contact
Blog
Registration
Speakers
Schedule
Accomodations
FAQs
Sponsors
The Planning Committee
FAQs
When will this conference be held? August 9-11 2018 (Thursday-Saturday) at the Embassy Suites in Covington, KY, which i","FAQs
Skip to content
Menu	
Home
What is a 10 Minute Novelist?
The Facebook Group
Contact
Blog
Registration
Speakers
Schedule
Accomodations
FAQs
Sponsors
The Planning Committee
FAQs
When will this conference be held? August 9-11 2018 (Thursday-Saturday) at the Embassy Suites in Covington, KY, which i",0,1,0,1
wet_records/record7.txt,"0255.e-spots.nl » Werkruimte / Opslag » Kantoorruimte - vraag en aanbod in de markt van vandaag -
welkom op 0255.e-spots.nl
www.e-spots.nl
Categorieën:
Agenda / Uitgaan (9)
Antiek (11)
Auto's / Motors (10)
Boeken (5)
CD / DVD / VHS (7)
Computers (11)
Dieren (13)
Electra / Apparaten (6)
Fietsen / Bro","0255.e-spots.nl » Werkruimte / Opslag » Kantoorruimte - vraag en aanbod in de markt van vandaag -
welkom op 0255.e-spots.nl
www.e-spots.nl
Categorieën:
Agenda / Uitgaan (9)
Antiek (11)
Auto's / Motors (10)
Boeken (5)
CD / DVD / VHS (7)
Computers (11)
Dieren (13)
Electra / Apparaten (6)
Fietsen / Bro",0,1,0,1
wet_records/record29.txt,"一个产品包装有限公司
首页关于我们产品中心客户案例新闻中心联系我们
关于我们
ABOUT US
企业拥有德国W.H.公司柔印机、方底袋、尖底袋、手挽袋制袋机、美国柯达CTP输出设备、德国KBA公司胶印机、全自动模切机、全自动糊盒机等几十台（套）设备。
企业已获得国家《食品用纸包装、容器》（QS）生产许可证、ISO9001:2008国际质量管理体系认证、美国食品和药物管理局（FDA）认证、欧盟（CE）认证、BRC-IOP英国零售商协会包装材料全球标准、FSSC22000 食品安全体系认证。企业拥有18000平方米标准洁净生产车间；与国际最大害虫控制服务供应商之一英国Rentokil Initia","一个产品包装有限公司
首页关于我们产品中心客户案例新闻中心联系我们
关于我们
ABOUT US
企业拥有德国W.H.公司柔印机、方底袋、尖底袋、手挽袋制袋机、美国柯达CTP输出设备、德国KBA公司胶印机、全自动模切机、全自动糊盒机等几十台（套）设备。
企业已获得国家《食品用纸包装、容器》（QS）生产许可证、ISO9001:2008国际质量管理体系认证、美国食品和药物管理局（FDA）认证、欧盟（CE）认证、BRC-IOP英国零售商协会包装材料全球标准、FSSC22000 食品安全体系认证。企业拥有18000平方米标准洁净生产车间；与国际最大害虫控制服务供应商之一英国Rentokil Initia",1,2,0,3
wet_records/record28.txt,"Европа Плюс Крым 103.7 fm Simferopol - слушать онлайн, скачать бесплатно без смс в mp3 формате на компьютер, на телефон
Музыка Видео
А
Б
В
Г
Д
Е
Ж
З
И
К
Л
М
Н
О
П
Р
С
Т
У
Ф
Х
Ц
Ч
Ш
Э
Ю
Я
A
B
C
D
E
F
G
H
I
J
K
L
M
N
O
P
Q
R
S
T
U
V
W
X
Y
Z
0
1
2
3
4
5
6
7
8
9
Авторизация
Логин
Пароль
Регистрация | За","Европа Плюс Крым 103.7 fm Simferopol - слушать онлайн, скачать бесплатно без смс в mp3 формате на компьютер, на телефон
Музыка Видео
А
Б
В
Г
Д
Е
Ж
З
И
К
Л
М
Н
О
П
Р
С
Т
У
Ф
Х
Ц
Ч
Ш
Э
Ю
Я
A
B
C
D
E
F
G
H
I
J
K
L
M
N
O
P
Q
R
S
T
U
V
W
X
Y
Z
0
1
2
3
4
5
6
7
8
9
Авторизация
Логин
Пароль
Регистрация | За",0,3,0,3
wet_records/record3.txt,"易正时空 三元风水罗盘的用法（2）
三元风水 神通玄空 家居风水 喜庆择日 起名改名 旺宅安神 转运法事 风水软件 道学法术
新版首页 联系我们 风水软件 繁�w中文
首页 |行业资讯 |风水实证 |超度法事 |风水用品 |藏风得水 |姓名学术 |改运法门 |正说风水 |培训活动 |风水图照 |新浪博客|淘宝店|QQ空间【手机版】
三元风水罗盘的用法（2）
发布者：周钊正 发布时间：2016-10-17 阅读：2325次
双击自动滚屏
三元风水罗盘的用法
罗盘中心第一层 天池和指南针
罗盘是风水师的必备工具，风水师必须对自己的罗盘(法器)非常熟悉并且运用自如。
罗盘的种类很多，常用的有三元盘、","易正时空 三元风水罗盘的用法（2）
三元风水 神通玄空 家居风水 喜庆择日 起名改名 旺宅安神 转运法事 风水软件 道学法术
新版首页 联系我们 风水软件 繁�w中文
首页 |行业资讯 |风水实证 |超度法事 |风水用品 |藏风得水 |姓名学术 |改运法门 |正说风水 |培训活动 |风水图照 |新浪博客|淘宝店|QQ空间【手机版】
三元风水罗盘的用法（2）
发布者：周钊正 发布时间：2016-10-17 阅读：2325次
双击自动滚屏
三元风水罗盘的用法
罗盘中心第一层 天池和指南针
罗盘是风水师的必备工具，风水师必须对自己的罗盘(法器)非常熟悉并且运用自如。
罗盘的种类很多，常用的有三元盘、",1,1,0,2
wet_records/record1.txt,"000 084 - Downloads Free 000 084 - Download 000 084 Software
Home
Categories
New
Popular
Submit
RSS
Contact
false
5
5
5
000 084
Pages: 1 2 3 Freeware Mac
Testkingworld.com is your ultimatel source for the System x High Performance Servers... Details
One of the best and most rewarding features of the","000 084 - Downloads Free 000 084 - Download 000 084 Software
Home
Categories
New
Popular
Submit
RSS
Contact
false
5
5
5
000 084
Pages: 1 2 3 Freeware Mac
Testkingworld.com is your ultimatel source for the System x High Performance Servers... Details
One of the best and most rewarding features of the",0,4,4,8
wet_records/record35.txt,"101.7 The One |
Contact Us
Advertise With Us
Radioplayer
Listen Live
Select a PageContact Us Advertise With Us Radioplayer Listen Live
Home
Closures
Shows
Announcers
The One Morning Show
The One Midday Show
The One Afternoon Show
On Air with Ryan Seacrest
MWO Sports
Music
Recently Played
The Daily S","101.7 The One |
Contact Us
Advertise With Us
Radioplayer
Listen Live
Select a PageContact Us Advertise With Us Radioplayer Listen Live
Home
Closures
Shows
Announcers
The One Morning Show
The One Midday Show
The One Afternoon Show
On Air with Ryan Seacrest
MWO Sports
Music
Recently Played
The Daily S",0,3,0,3
wet_records/record42.txt,"UL Seeks Extras For Commercial Shoot
Hot 107-9
Listen Now
Home
On Air
ALL DJs
Schedule
Morning Buzz With Chris and Digital
Emily J
Dave Steel
DJ Grooves
R Dub
Listen
Listen Live
Listen on Alexa Devices
Introducing: The HOT 107.9 Mobile App
Playlist
Recently Played
Music
Events
Full Calendar
Submit a","UL Seeks Extras For Commercial Shoot
Hot 107-9
Listen Now
Home
On Air
ALL DJs
Schedule
Morning Buzz With Chris and Digital
Emily J
Dave Steel
DJ Grooves
R Dub
Listen
Listen Live
Listen on Alexa Devices
Introducing: The HOT 107.9 Mobile App
Playlist
Recently Played
Music
Events
Full Calendar
Submit a",1,0,0,1
wet_records/record15.txt,"美国芝加哥国际婚纱礼服贸易展National Bridal Market Chicago_必赢亚洲56.net
您好，欢迎光临必赢亚洲56电子游戏-必赢亚洲56.net！
服务热线 竭诚服务 一路同行010-84898878
必赢亚洲56.net
必赢亚洲56电子游戏
展会查询
www.565.net
外展百科
展会会刊
当前位置：必赢亚洲56.net > 国际展会预订 > 展会预订
美国芝加哥国际婚纱礼服贸易展 预售
展会时间：
2018年03月18日-2018年03月20日
展会官网：
http://www.nationalbridalmarket.com/
展馆名称：
芝加哥商品市场展览","美国芝加哥国际婚纱礼服贸易展National Bridal Market Chicago_必赢亚洲56.net
您好，欢迎光临必赢亚洲56电子游戏-必赢亚洲56.net！
服务热线 竭诚服务 一路同行|||PHONE_NUMBER|||8
必赢亚洲56.net
必赢亚洲56电子游戏
展会查询
www.565.net
外展百科
展会会刊
当前位置：必赢亚洲56.net > 国际展会预订 > 展会预订
美国芝加哥国际婚纱礼服贸易展 预售
展会时间：
2018年03月18日-2018年03月20日
展会官网：
http://www.nationalbridalmarket.com/
展馆名称：
芝加",0,2,0,2
wet_records/record40.txt,"Testimonials | 103 West
Features
To check availability and receive pricing information, please submit information below
Business
Occasion
Wedding
Interested In:
Breakfast
Lunch
Dinner
Cocktail Reception
Other
Number of Guests:
Event Date:
Day Day 1 2 3 4 5 6 7 8 9 10 11 12 13 14 15 16 17 18 19 20 21","Testimonials | 103 West
Features
To check availability and receive pricing information, please submit information below
Business
Occasion
Wedding
Interested In:
Breakfast
Lunch
Dinner
Cocktail Reception
Other
Number of Guests:
Event Date:
Day Day 1 2 3 4 5 6 7 8 9 10 11 12 13 14 15 16 17 18 19 20 21",0,1,0,1
wet_records/record19.txt,"香港铁算盘王中王-铁算盘六合彩神算-4749香港铁算盘-香港铁算盘资料-4238香港铁算盘_香港铁算盘王中王-铁算盘六合彩神算-4749香港铁算盘-香港铁算盘资料-4238香港铁算盘官网
小门户+联盟 ・ 产品网篇
能源频道
燃料油
汽油网
柴油网
MTBE网
液化气
甲醇网
二甲醚
甲醇汽油
动力煤
炼焦煤
焦炭网
化工频道
纯苯网
苯胺网
MDI网
甲苯网
二甲苯
TDI网
苯乙烯
苯酚网
粗苯网
焦化苯
顺酐网
丙烯网
丙酮网
丙烯酸
正丁醇
辛醇网
苯酐网
DOP网
丙烷网
环氧丙烷
环氧氯丙烷
醋酸网
尿素网
三聚氰胺
黄磷网
磷酸网
磷酸二铵
复合肥
电石网
液氯网
煤焦油
乙二醇","香港铁算盘王中王-铁算盘六合彩神算-4749香港铁算盘-香港铁算盘资料-4238香港铁算盘_香港铁算盘王中王-铁算盘六合彩神算-4749香港铁算盘-香港铁算盘资料-4238香港铁算盘官网
小门户+联盟 ・ 产品网篇
能源频道
燃料油
汽油网
柴油网
MTBE网
液化气
甲醇网
二甲醚
甲醇汽油
动力煤
炼焦煤
焦炭网
化工频道
纯苯网
苯胺网
MDI网
甲苯网
二甲苯
TDI网
苯乙烯
苯酚网
粗苯网
焦化苯
顺酐网
丙烯网
丙酮网
丙烯酸
正丁醇
辛醇网
苯酐网
DOP网
丙烷网
环氧丙烷
环氧氯丙烷
醋酸网
尿素网
三聚氰胺
黄磷网
磷酸网
磷酸二铵
复合肥
电石网
液氯网
煤焦油
乙二醇",1,2,0,3
wet_records/record36.txt,"101.7 The One |
Contact Us
Advertise With Us
Radioplayer
Listen Live
Select a PageContact Us Advertise With Us Radioplayer Listen Live
Home
Closures
Shows
Announcers
The One Morning Show
The One Midday Show
The One Afternoon Show
On Air with Ryan Seacrest
MWO Sports
Music
Recently Played
The Daily S","101.7 The One |
Contact Us
Advertise With Us
Radioplayer
Listen Live
Select a PageContact Us Advertise With Us Radioplayer Listen Live
Home
Closures
Shows
Announcers
The One Morning Show
The One Midday Show
The One Afternoon Show
On Air with Ryan Seacrest
MWO Sports
Music
Recently Played
The Daily S",0,3,0,3
wet_records/record12.txt,"3D动作手游《饥饿鲨：进化》安卓即将上线 - 欢畅游戏
首页我的欢畅玩家社区
登录注册
注销
网站导航
热门游戏
炸裂骑士团
卡牌 经营
镇魂街:对决
卡牌 策略
3D坦克争霸
策略 射击
街头篮球
竞技
龙族世界
动作
掌趣大家庭
天马时空：www.tianmashikong.com
玩蟹科技：www.playcrab.com
上游网络：www.shanggame.com
动网先锋：www.cndw.com
筑巢新游：www.zcgames.cn
欢瑞世纪：www.hrcp.cn
欢畅游戏：www.gamebean.com
首页
找游戏
发号中心
充值中心
玩家社区
客服中心
您现在的位置：","3D动作手游《饥饿鲨：进化》安卓即将上线 - 欢畅游戏
首页我的欢畅玩家社区
登录注册
注销
网站导航
热门游戏
炸裂骑士团
卡牌 经营
镇魂街:对决
卡牌 策略
3D坦克争霸
策略 射击
街头篮球
竞技
龙族世界
动作
掌趣大家庭
天马时空：www.tianmashikong.com
玩蟹科技：www.playcrab.com
上游网络：www.shanggame.com
动网先锋：www.cndw.com
筑巢新游：www.zcgames.cn
欢瑞世纪：www.hrcp.cn
欢畅游戏：www.gamebean.com
首页
找游戏
发号中心
充值中心
玩家社区
客服中心
您现在的位置：",0,1,0,1
wet_records/record41.txt,"Автобусный тур: Cмоленск - Катынь / Талашкино
О нас Статьи Партнерам Акции Оплата по ЕРИП
Консультации: с 9:00 до 18:00 пн.-пт.
Везет на отличные путешествия!
+375 29 399 80 80
+375 33 315 59 59
+375 29 390 88 89
+375 17 327 85 86
Календарь туров Автобусные туры
По странам:
Австрия
Беларусь
Бельгия
","Автобусный тур: Cмоленск - Катынь / Талашкино
О нас Статьи Партнерам Акции Оплата по ЕРИП
Консультации: с 9:00 до 18:00 пн.-пт.
Везет на отличные путешествия!
+375 29 399 80 80
+375 33 315 59 59
+375 29 390 88 89
+375 17 327 85 86
Календарь туров Автобусные туры
По странам:
Австрия
Беларусь
Бельгия
",1,0,0,1
wet_records/record6.txt,"Baked Goods: Bread, Cake, Pies, Cookies, Donuts, Muffins Directory - 01webdirectory.com
Search The Directory
Submit URL
Home >> Online Shopping & Services >> Food & Drinks >> Baked Goods
Baked Goods Directory
Categories
Baked Goods
Beverages
Catering
Condiments
Confectionery
Dairy Products
Fish & Se","Baked Goods: Bread, Cake, Pies, Cookies, Donuts, Muffins Directory - 01webdirectory.com
Search The Directory
Submit URL
Home >> Online Shopping & Services >> Food & Drinks >> Baked Goods
Baked Goods Directory
Categories
Baked Goods
Beverages
Catering
Condiments
Confectionery
Dairy Products
Fish & Se",1,0,0,1
